code,name
80,게임개발
81,기술지원
82,데이터분석가
83,데이터엔지니어
84,백엔드/서버개발
85,보안컨설팅
86,앱개발
87,웹개발
88,웹마스터
89,유지보수
90,정보보안
91,퍼블리셔
92,프론트엔드
93,CISO
94,CPO
95,DBA
96,FAE
97,GM(게임운영)
98,IT컨설팅
99,QA/테스터
100,SE(시스템엔지니어)
101,SI개발
102,ICT컨설팅
103,검색엔진
104,네트워크
105,데이터라벨링
106,데이터마이닝
107,데이터시각화
108,딥러닝
109,머신러닝
110,모델링
111,모의해킹
112,미들웨어
113,반응형웹
114,방화벽
115,블록체인
116,빅데이터
117,빌링
118,솔루션
119,스크립트
120,신경망
121,악성코드
122,알고리즘
123,영상처리
124,웹표준·웹접근성
125,음성인식
126,이미지프로세싱
127,인프라
128,임베디드
129,자율주행
130,정보통신
131,챗봇
132,취약점진단
133,컴퓨터비전
134,크로스브라우징
135,크롤링
136,클라우드
137,텍스트마이닝
138,트러블슈팅
139,펌웨어
140,플러그인
141,핀테크
142,API
143,APM
144,AR(증강현실)
145,DBMS
146,DevOps
147,DLP
148,DW
149,ERP
150,ETL
151,FPGA
152,GIS
153,H/W
154,IDC
155,IIS
156,IoT
157,ISMS
158,MCU
159,Nginx
160,NLP(자연어처리)
161,NLU(자연어이해)
162,OCR
163,OLAP
164,RDBMS
165,RPA
166,RTOS
167,S/W
168,SAP
169,SDK
170,SOA
171,STT
172,TTS
173,UTM
174,VDI
175,VMware
176,VoIP
177,VPN
178,VR(가상현실)
179,WCF
180,아키텍쳐
181,AI(인공지능)
182,Windows
183,인터페이스
184,.NET
185,그누보드
186,라즈베리파이
187,쉘스크립트
188,액션스크립트
189,어셈블리
190,와이어샤크
191,파워빌더
192,ABAP
193,AIX
194,Ajax
195,Android
196,Angular
197,Apache
198,ArcGIS
199,ASP
200,ASP.NET
201,AWS
202,Azure
203,Bootstrap
204,C#
205,C++
206,C언어
207,CentOS
208,COBOL
209,CSS
210,CSS3
211,Delphi
212,Directx
213,Django
214,Docker
215,Eclipse
216,ECMAScript
217,ElasticStack
218,Flask
219,FLEX
220,Flutter
221,GCP
222,Git
223,GoLang
224,GraphQL
225,Groovy
226,Gulp
227,Hadoop
228,HBase
229,HTML
230,HTML5
231,IaaS
232,iBATIS
233,Ionic
234,iOS
235,Java
236,Javascript
237,Jenkins
238,JPA
239,jQuery
240,JSP
241,Kafka
242,Keras
243,Kotlin
244,Kubernetes
245,LabVIEW
246,Linux
247,Logstash
248,Lucene
249,MacOS
250,MariaDB
251,Matlab
252,Maven
253,MFC
254,MongoDB
255,MSSQL
256,MyBatis
257,MySQL
258,Node.js
259,NoSQL
260,Objective-C
261,OpenCV
262,OpenGL
263,OracleDB
264,OSS
265,PaaS
266,Pandas
267,Perl
268,PHP
269,PL/SQL
270,PostgreSQL
271,Pro-C
272,Python
273,Pytorch
274,QGIS
275,Qt
276,R
277,React
278,React-Native
279,ReactJS
280,Redis
281,Redux
282,RestAPI
283,Ruby
284,SaaS
285,SAS
286,Scala
287,Servlet
288,Solaris
289,Spark
290,Splunk
291,Spring
292,SpringBoot
293,SQL
294,SQLite
295,Storm
296,Struts
297,SVN
298,Swift
299,Sybase
300,Tensorflow
301,Tomcat
302,TypeScript
303,Ubuntu
304,Unity
305,Unix
306,Unreal
307,VB.NET
308,Verilog
309,Vert.x
310,VisualBasic
311,VisualC·C++
312,Vue.js
313,WAS
314,WebGL
315,Webpack
316,WebRTC
317,WPF
318,XML
319,아두이노
320,임베디드리눅스
2229,SQA
2230,헬스케어
2231,메타버스
2232,풀스택
2233,Solidity
2234,스마트컨트랙트
2239,보안관제
2246,BI 엔지니어
2247,개발PM
2248,데이터 사이언티스트
2249,클라이언트
2250,HTTP
2251,암호화폐
2252,MMORPG
2253,Dapp
2254,DID
2255,크로스플랫폼
2256,루비온레일즈
2260,3D
